{
    "providers": [
        {
            "type": "bitmap",
            "file": "minecraft:sb/Bandit.png",
            "ascent": 7,
            "height": 7,
            "chars": ["\uE001"]
        },
        {
            "type": "bitmap",
            "file": "minecraft:sb/Server.png",
            "ascent": 7,
            "height": 7,
            "chars": ["\uE002"]
        },
        {
            "type": "bitmap",
            "file": "minecraft:sb/Member.png",
            "ascent": 7,
            "height": 7,
            "chars": ["\uE003"]
        },
        {
            "type": "bitmap",
            "file": "minecraft:sb/Broadcast.png",
            "ascent": 7,
            "height": 7,
            "chars": ["\uE004"]
        },
        {
            "type": "bitmap",
            "file": "minecraft:sb/Theif.png",
            "ascent": 7,
            "height": 7,
            "chars": ["\uE005"]
        }
    ]
}