{
    "providers": [
        {
            "type": "bitmap",
            "file": "sb/bandit.png",
            "ascent": 7,
            "height": 7,
            "chars": [""]
        },
        {
            "type": "bitmap",
            "file": "sb/server.png",
            "ascent": 7,
            "height": 7,
            "chars": [""]
        },
        {
            "type": "bitmap",
            "file": "sb/member.png",
            "ascent": 7,
            "height": 7,
            "chars": [""]
        },
        {
            "type": "bitmap",
            "file": "sb/broadcast.png",
            "ascent": 7,
            "height": 7,
            "chars": [""]
        },
        {
            "type": "bitmap",
            "file": "sb/theif.png",
            "ascent": 7,
            "height": 7,
            "chars": [""]
        },
        {
            "type": "bitmap",
            "file": "sb/owner.png",
            "ascent": 7,
            "height": 7,
            "chars": [""]
        }
    ]
}