{
	"providers": [
		{"type": "bitmap", "file": "minecraft:font/ranks/level1.png","ascent": 10,"height": 18, "chars": ["麼1"]},
		{"type": "bitmap", "file": "minecraft:font/ranks/level2.png","ascent": 10,"height": 18, "chars": ["麼1"]},
		{"type": "bitmap", "file": "minecraft:font/ranks/thankyou1.png","ascent": 10,"height": 18, "chars": ["謝1"]},
		{"type": "bitmap", "file": "minecraft:font/ranks/thankyou2.png","ascent": 10,"height": 18, "chars": ["謝2"]},
		{"type": "bitmap", "file": "minecraft:font/ranks/welcome1.png","ascent": 10,"height": 18, "chars": ["迎1"]},
		{"type": "bitmap", "file": "minecraft:font/ranks/welcome2.png","ascent": 10,"height": 18, "chars": ["迎2"]}
	]
}