{
	"providers": [
		{"type": "bitmap", "file": "minecraft:font/ranks/bandit.png","ascent": 7,"height": 7, "chars": ["지"]},
		{"type": "bitmap", "file": "minecraft:font/ranks/broadcast.png","ascent": 7,"height": 7, "chars": ["른"]},
		{"type": "bitmap", "file": "minecraft:font/ranks/member.png","ascent": 7,"height": 7, "chars": ["Ð"]},
		{"type": "bitmap", "file": "minecraft:font/ranks/owner.png","ascent": 7,"height": 7, "chars": ["Ñ"]},
		{"type": "bitmap", "file": "minecraft:font/ranks/server.png","ascent": 7,"height": 7, "chars": ["Ò"]},
		{"type": "bitmap", "file": "minecraft:font/ranks/theif.png","ascent": 7,"height": 7, "chars": ["Ó"]}
	]
}