{
	"credit": "Cum",
	"texture_size": [32, 32],
	"textures": {
		"0": "block/custom/top_hat",
		"1": "block/custom/top_hat_band",
		"particle": "top_hat"
	},
	"elements": [
		{
			"from": [0, 0, 0],
			"to": [16, 1, 16],
			"faces": {
				"north": {"uv": [8, 0, 16, 0.5], "texture": "#0"},
				"east": {"uv": [8, 0.5, 16, 1], "texture": "#0"},
				"south": {"uv": [8, 1, 16, 1.5], "texture": "#0"},
				"west": {"uv": [8, 1.5, 16, 2], "texture": "#0"},
				"up": {"uv": [8, 8, 0, 0], "texture": "#0"},
				"down": {"uv": [8, 8, 0, 16], "texture": "#0"}
			}
		},
		{
			"from": [2, 1, 2],
			"to": [14, 2.5, 14],
			"faces": {
				"north": {"uv": [0, 0, 6.5, 0.25], "texture": "#0"},
				"east": {"uv": [0, 0, 6.5, 0.25], "texture": "#0"},
				"south": {"uv": [0, 0, 6.5, 0.25], "texture": "#0"},
				"west": {"uv": [0, 0, 6.5, 0.25], "texture": "#0"},
				"up": {"uv": [0, 0, 6.5, 0.25], "texture": "#0"},
				"down": {"uv": [0, 0, 6.5, 0.25], "texture": "#0"}
			}
		},
		{
			"from": [2, 3.5, 2],
			"to": [14, 14, 14],
			"faces": {
				"north": {"uv": [0, 0, 6.5, 4.25], "texture": "#0"},
				"east": {"uv": [0, 0, 6.5, 4.25], "texture": "#0"},
				"south": {"uv": [0, 0, 6.5, 4.25], "texture": "#0"},
				"west": {"uv": [0, 0, 6.5, 4.25], "texture": "#0"},
				"up": {"uv": [0, 0, 6.5, 4.25], "texture": "#0"},
				"down": {"uv": [0, 0, 6.5, 4.25], "texture": "#0"}
			}
		},
		{
			"from": [2, 2.5, 2],
			"to": [14, 3.5, 14],
			"faces": {
				"north": {"uv": [6.5, 0, 13, 0.5], "texture": "#1"},
				"east": {"uv": [6.5, 0.5, 13, 1], "texture": "#1"},
				"south": {"uv": [6.5, 1, 13, 1.5], "texture": "#1"},
				"west": {"uv": [6.5, 1.5, 13, 2], "texture": "#1"},
				"up": {"uv": [6.5, 6.5, 0, 0], "texture": "#1"},
				"down": {"uv": [6.5, 6.5, 0, 13], "texture": "#1"}
			}
		}
	],
	"display": {
		"gui": {
			"rotation": [25, 25, 0],
			"translation": [0, 0.75, 0],
			"scale": [0.65, 0.65, 0.65]
		},
		"head": {
			"rotation": [5, 0, 0],
			"translation": [0, 14, 0.75]
		}
	}
}
