{
	"credit": "Made with Blockbench",
	"texture_size": [32, 32],
	"textures": {
		"0": "block/custom/headset_body_white",
		"particle": "headset_body_white"
	},
	"elements": [
		{
			"from": [2, 6.5, 6],
			"to": [14, 7.5, 8],
			"rotation": {"angle": 0, "axis": "y", "origin": [0, 0, -1]},
			"faces": {
				"north": {"uv": [5.5, 10.5, 11.5, 11], "texture": "#0"},
				"east": {"uv": [6.5, 9.5, 7.5, 10], "texture": "#0"},
				"south": {"uv": [5.5, 10, 11.5, 10.5], "texture": "#0"},
				"west": {"uv": [5.5, 9.5, 6.5, 10], "texture": "#0"},
				"up": {"uv": [5.5, 12, 11.5, 13], "texture": "#0"},
				"down": {"uv": [5.5, 11, 11.5, 12], "texture": "#0"}
			}
		},
		{
			"from": [1, 2, 6],
			"to": [2, 7.5, 8],
			"rotation": {"angle": 0, "axis": "y", "origin": [0, 0, -1]},
			"faces": {
				"north": {"uv": [12.5, 10.5, 13, 13.25], "texture": "#0"},
				"east": {"uv": [13, 10.5, 14, 13.25], "texture": "#0"},
				"south": {"uv": [15, 10.5, 15.5, 13.25], "texture": "#0"},
				"west": {"uv": [14, 10.5, 15, 13.25], "texture": "#0"},
				"up": {"uv": [14.5, 9.5, 15, 10.5], "texture": "#0"},
				"down": {"uv": [15, 9.5, 15.5, 10.5], "texture": "#0"}
			}
		},
		{
			"from": [14, 2, 6],
			"to": [15, 7.5, 8],
			"rotation": {"angle": 0, "axis": "y", "origin": [0, 0, -1]},
			"faces": {
				"north": {"uv": [14.5, 5.5, 15, 8.25], "texture": "#0"},
				"east": {"uv": [12.5, 5.5, 13.5, 8.25], "texture": "#0"},
				"south": {"uv": [12, 5.5, 12.5, 8.25], "texture": "#0"},
				"west": {"uv": [13.5, 5.5, 14.5, 8.25], "texture": "#0"},
				"up": {"uv": [11.5, 6.5, 12, 7.5], "texture": "#0"},
				"down": {"uv": [11.5, 5.5, 12, 6.5], "texture": "#0"}
			}
		},
		{
			"from": [14, -2, 5],
			"to": [16.5, 2, 9],
			"rotation": {"angle": 0, "axis": "y", "origin": [0, -1, -1]},
			"faces": {
				"north": {"uv": [0, 0, 1.25, 2], "texture": "#0"},
				"east": {"uv": [5.5, 14, 7.5, 16], "texture": "#0"},
				"south": {"uv": [0, 0, 1.25, 2], "texture": "#0"},
				"west": {"uv": [9.5, 14, 11.5, 16], "texture": "#0"},
				"up": {"uv": [0, 0, 1.25, 2], "texture": "#0"},
				"down": {"uv": [0, 0, 1.25, 2], "texture": "#0"}
			}
		},
		{
			"from": [-0.5, -2, 5],
			"to": [2, 2, 9],
			"rotation": {"angle": 0, "axis": "y", "origin": [0, -1, -1]},
			"faces": {
				"north": {"uv": [0, 0, 1.25, 2], "texture": "#0"},
				"east": {"uv": [12, 14, 14, 16], "texture": "#0"},
				"south": {"uv": [0, 0, 1.25, 2], "texture": "#0"},
				"west": {"uv": [7, 14, 9, 16], "texture": "#0"},
				"up": {"uv": [0, 0, 1.25, 2], "texture": "#0"},
				"down": {"uv": [0, 0, 1.25, 2], "texture": "#0"}
			}
		},
		{
			"from": [13.5, -2.11522, 0],
			"to": [14.5, -1.11522, 1],
			"rotation": {"angle": -22.5, "axis": "x", "origin": [15, -1.61522, 2.92074]},
			"faces": {
				"north": {"uv": [14.5, 14.5, 16, 16], "texture": "#0"},
				"east": {"uv": [14.5, 14.5, 16, 16], "texture": "#0"},
				"south": {"uv": [14.5, 14.5, 16, 16], "texture": "#0"},
				"west": {"uv": [14.5, 14.5, 16, 16], "texture": "#0"},
				"up": {"uv": [14.5, 14.5, 16, 16], "texture": "#0"},
				"down": {"uv": [14.5, 14.5, 16, 16], "texture": "#0"}
			}
		},
		{
			"from": [14.5, -2.11522, 0],
			"to": [15.5, -1.11522, 6.5],
			"rotation": {"angle": -22.5, "axis": "x", "origin": [15, -1.61522, 2.92074]},
			"faces": {
				"north": {"uv": [3.5, 7, 4, 7.5], "texture": "#0"},
				"east": {"uv": [3.5, 6, 6.75, 6.5], "texture": "#0"},
				"south": {"uv": [5, 7, 5.5, 7.5], "texture": "#0"},
				"west": {"uv": [3.5, 5.5, 6.75, 6], "texture": "#0"},
				"up": {"uv": [7.5, 5.5, 8, 8.75], "texture": "#0"},
				"down": {"uv": [7, 5.5, 7.5, 8.75], "texture": "#0"}
			}
		}
	],
	"display": {
		"gui": {
			"rotation": [-164.75, -21, -180],
			"translation": [-0.25, 7.5, 0],
			"scale": [0.9, 0.9, 0.9]
		},
		"head": {
			"translation": [0, 8, 0]
		}
	},
	"groups": [
		{
			"name": "band",
			"origin": [0, 0, 0],
			"color": 0,
			"children": [0, 1, 2]
		},
		{
			"name": "earphone_right",
			"origin": [0, 0, 0],
			"color": 0,
			"children": [3]
		},
		{
			"name": "earphone_left",
			"origin": [0, 0, 0],
			"color": 0,
			"children": [4]
		},
		{
			"name": "microphone",
			"origin": [15, -1.61522, 2.92074],
			"color": 0,
			"children": [5, 6]
		}
	]
}
