{
	"credit": "Made with Blockbench",
	"elements": [
		{
			"from": [7.7, 0, 7.7],
			"to": [8.3, 0.25, 8.3],
			"color": 1,
			"faces": {
				"north": {"uv": [0, 0, 0.6, 0.25], "texture": "#missing"},
				"east": {"uv": [0, 0, 0.6, 0.25], "texture": "#missing"},
				"south": {"uv": [0, 0, 0.6, 0.25], "texture": "#missing"},
				"west": {"uv": [0, 0, 0.6, 0.25], "texture": "#missing"},
				"up": {"uv": [0, 0, 0.6, 0.6], "texture": "#missing"},
				"down": {"uv": [0, 0, 0.6, 0.6], "texture": "#missing"}
			}
		},
		{
			"from": [7.7, 2.5, 7.7],
			"to": [8.3, 2.75, 8.3],
			"color": 1,
			"faces": {
				"north": {"uv": [0, 0, 0.6, 0.25], "texture": "#missing"},
				"east": {"uv": [0, 0, 0.6, 0.25], "texture": "#missing"},
				"south": {"uv": [0, 0, 0.6, 0.25], "texture": "#missing"},
				"west": {"uv": [0, 0, 0.6, 0.25], "texture": "#missing"},
				"up": {"uv": [0, 0, 0.6, 0.6], "texture": "#missing"},
				"down": {"uv": [0, 0, 0.6, 0.6], "texture": "#missing"}
			}
		},
		{
			"from": [7.7, 3, 7.7],
			"to": [8.3, 5, 8.3],
			"color": 1,
			"faces": {
				"north": {"uv": [0, 0, 0.6, 2], "texture": "#missing"},
				"east": {"uv": [0, 0, 0.6, 2], "texture": "#missing"},
				"south": {"uv": [0, 0, 0.6, 2], "texture": "#missing"},
				"west": {"uv": [0, 0, 0.6, 2], "texture": "#missing"},
				"up": {"uv": [0, 0, 0.6, 0.6], "texture": "#missing"},
				"down": {"uv": [0, 0, 0.6, 0.6], "texture": "#missing"}
			}
		},
		{
			"from": [6.7, 5, 7.6],
			"to": [9.3, 5.5, 8.4],
			"color": 1,
			"faces": {
				"north": {"uv": [0, 0, 2.6, 0.5], "texture": "#missing"},
				"east": {"uv": [0, 0, 0.8, 0.5], "texture": "#missing"},
				"south": {"uv": [0, 0, 2.6, 0.5], "texture": "#missing"},
				"west": {"uv": [0, 0, 0.8, 0.5], "texture": "#missing"},
				"up": {"uv": [0, 0, 2.6, 0.8], "texture": "#missing"},
				"down": {"uv": [0, 0, 2.6, 0.8], "texture": "#missing"}
			}
		},
		{
			"from": [9.05, 5, 7.7],
			"to": [10.35, 5.35, 8.3],
			"rotation": {"angle": -22.5, "axis": "z", "origin": [9.35, 5.25, 8]},
			"color": 1,
			"faces": {
				"north": {"uv": [0, 0, 1.3, 0.35], "texture": "#missing"},
				"east": {"uv": [0, 0, 0.6, 0.35], "texture": "#missing"},
				"south": {"uv": [0, 0, 1.3, 0.35], "texture": "#missing"},
				"west": {"uv": [0, 0, 0.6, 0.35], "texture": "#missing"},
				"up": {"uv": [0, 0, 1.3, 0.6], "texture": "#missing"},
				"down": {"uv": [0, 0, 1.3, 0.6], "texture": "#missing"}
			}
		},
		{
			"from": [5.65, 5, 7.7],
			"to": [6.95, 5.35, 8.3],
			"rotation": {"angle": 22.5, "axis": "z", "origin": [6.65, 5.25, 8]},
			"color": 1,
			"faces": {
				"north": {"uv": [1.3, 0, 0, 0.35], "texture": "#missing"},
				"east": {"uv": [0.6, 0, 0, 0.35], "texture": "#missing"},
				"south": {"uv": [1.3, 0, 0, 0.35], "texture": "#missing"},
				"west": {"uv": [0.6, 0, 0, 0.35], "texture": "#missing"},
				"up": {"uv": [1.3, 0.6, 0, 0], "texture": "#missing"},
				"down": {"uv": [1.3, 0, 0, 0.6], "texture": "#missing"}
			}
		},
		{
			"from": [7.6, 0.5, 7.6],
			"to": [8.4, 2.5, 8.4],
			"color": 1,
			"faces": {
				"north": {"uv": [0, 0, 0.8, 2], "texture": "#missing"},
				"east": {"uv": [0, 0, 0.8, 2], "texture": "#missing"},
				"south": {"uv": [0, 0, 0.8, 2], "texture": "#missing"},
				"west": {"uv": [0, 0, 0.8, 2], "texture": "#missing"},
				"up": {"uv": [0, 0, 0.8, 0.8], "texture": "#missing"},
				"down": {"uv": [0, 0, 0.8, 0.8], "texture": "#missing"}
			}
		},
		{
			"from": [7.5, 0.25, 7.5],
			"to": [8.5, 0.5, 8.5],
			"color": 1,
			"faces": {
				"north": {"uv": [0, 0, 1, 0.25], "texture": "#missing"},
				"east": {"uv": [0, 0, 1, 0.25], "texture": "#missing"},
				"south": {"uv": [0, 0, 1, 0.25], "texture": "#missing"},
				"west": {"uv": [0, 0, 1, 0.25], "texture": "#missing"},
				"up": {"uv": [0, 0, 1, 1], "texture": "#missing"},
				"down": {"uv": [0, 0, 1, 1], "texture": "#missing"}
			}
		},
		{
			"from": [7.5, 2.75, 7.5],
			"to": [8.5, 3, 8.5],
			"color": 1,
			"faces": {
				"north": {"uv": [0, 0, 1, 0.25], "texture": "#missing"},
				"east": {"uv": [0, 0, 1, 0.25], "texture": "#missing"},
				"south": {"uv": [0, 0, 1, 0.25], "texture": "#missing"},
				"west": {"uv": [0, 0, 1, 0.25], "texture": "#missing"},
				"up": {"uv": [0, 0, 1, 1], "texture": "#missing"},
				"down": {"uv": [0, 0, 1, 1], "texture": "#missing"}
			}
		}
	],
	"display": {
		"thirdperson_righthand": {
			"rotation": [0, 90, 0],
			"translation": [0, 12.25, 1.25],
			"scale": [2, 2, 2]
		},
		"thirdperson_lefthand": {
			"rotation": [0, 90, 0],
			"translation": [0, 12.25, 1.25],
			"scale": [2, 2, 2]
		},
		"firstperson_righthand": {
			"rotation": [-180, 61.5, -180],
			"translation": [-0.25, 12.5, 0.75],
			"scale": [2, 2, 2]
		},
		"firstperson_lefthand": {
			"rotation": [-180, 61.5, -180],
			"translation": [-0.25, 12.5, 0.75],
			"scale": [2, 2, 2]
		},
		"ground": {
			"translation": [0, 1, 0]
		},
		"gui": {
			"rotation": [0, 0, -45],
			"translation": [8, 8.25, 0],
			"scale": [2.5, 2.5, 2.5]
		},
		"head": {
			"rotation": [-90, 0, 0],
			"translation": [0, -2.5, -9.75]
		},
		"fixed": {
			"translation": [0, 10, 0.5],
			"scale": [2, 2, 2]
		}
	}
}