{
   "providers":[
      {
         "type": "bitmap",
         "file": "space/space.png",
         "height": -3,
         "ascent": -32768,
         "chars": [
             "\uA430"
         ]
     },
      {
         "file":"font/completed1.png",
         "chars":[
            "\u2EE0"
         ],
         "height":18,
         "ascent":10,
         "type":"bitmap"
      },
      {
         "file":"font/completed2.png",
         "chars":[
            "\u2EE1"
         ],
         "height":18,
         "ascent":10,
         "type":"bitmap"
      },
      {
         "file":"font/event1.png",
         "chars":[
            "\u2EE2"
         ],
         "height":18,
         "ascent":10,
         "type":"bitmap"
      },
      {
         "file":"font/event2.png",
         "chars":[
            "\u2EE3"
         ],
         "height":18,
         "ascent":10,
         "type":"bitmap"
      },
      {
         "file":"font/friend1.png",
         "chars":[
            "\u2EE4"
         ],
         "height":18,
         "ascent":10,
         "type":"bitmap"
      },
      {
         "file":"font/friend2.png",
         "chars":[
            "\u2EE5"
         ],
         "height":18,
         "ascent":10,
         "type":"bitmap"
      },
      {
         "file":"font/level1.png",
         "chars":[
            "\u2EE6"
         ],
         "height":18,
         "ascent":10,
         "type":"bitmap"
      },
      {
         "file":"font/level2.png",
         "chars":[
            "\u2EE7"
         ],
         "height":18,
         "ascent":10,
         "type":"bitmap"
      },
      {
         "file":"font/started1.png",
         "chars":[
            "\u2EE8"
         ],
         "height":18,
         "ascent":10,
         "type":"bitmap"
      },
      {
         "file":"font/started2.png",
         "chars":[
            "\u2EE9"
         ],
         "height":18,
         "ascent":10,
         "type":"bitmap"
      },
      {
         "file":"font/thankyou1.png",
         "chars":[
            "\u2EEA"
         ],
         "height":18,
         "ascent":10,
         "type":"bitmap"
      },
      {
         "file":"font/thankyou2.png",
         "chars":[
            "\u2EEB"
         ],
         "height":18,
         "ascent":10,
         "type":"bitmap"
      },
      {
         "file":"font/welcome1.png",
         "chars":[
            "\u2EEC"
         ],
         "height":18,
         "ascent":10,
         "type":"bitmap"
      },
      {
         "file":"font/welcome2.png",
         "chars":[
            "\u2EED"
         ],
         "height":18,
         "ascent":10,
         "type":"bitmap"
      }
   ]
}