{
    "providers": [
        {
            "type": "bitmap",
            "file": "sb/bandit.png",
            "ascent": 7,
            "height": 7,
            "chars": ["\uE001"]
        },
        {
            "type": "bitmap",
            "file": "sb/server.png",
            "ascent": 7,
            "height": 7,
            "chars": ["\uE002"]
        },
        {
            "type": "bitmap",
            "file": "sb/member.png",
            "ascent": 7,
            "height": 7,
            "chars": ["\uE003"]
        },
        {
            "type": "bitmap",
            "file": "sb/broadcast.png",
            "ascent": 7,
            "height": 7,
            "chars": ["\uE004"]
        },
        {
            "type": "bitmap",
            "file": "sb/theif.png",
            "ascent": 7,
            "height": 7,
            "chars": ["\uE005"]
        },
        {
            "type": "bitmap",
            "file": "sb/owner.png",
            "ascent": 7,
            "height": 7,
            "chars": ["\uE006"]
        }
    ]
}